user_id	user	name	party_id
0	__juh__	Jan Ulrich Hasecke	5
1	_florianeckert	Florian Eckert	2
2	_G_Baer_	Wilhelm A. Frömgen	5
3	_noujoum	Miriam Seyffarth	5
4	_rmrf	Frank Zimmermann	5
5	_rony	Dennis Deutschkämer	5
6	_scouty	Lisa Rudolf	5
7	_Tharon	Sebastian von Hoff	5
8	_ThWi_	Thomas Winzberg	5
9	0LG12	Oliver Grube	5
10	4ndy63	Andreas Gärtner	5
11	4staradm1ral	Sebastian Czich	5
12	5tee5tee	Heiko Schulze	5
13	688i	Caroline Mahn-Gauseweg	5
14	8undaf	Heide Hagen	5
15	A_Gloeckner	Angelika Glöckner	6
16	a_weinreich	Annette Weinreich	2
17	acepoint	Achim Müller	5
18	Achim_P	Achim Post	6
19	AdianAntilles	Moritz  Rehfeld	5
20	Afelia	Marina Weisband	5
21	AGernegross	Andreas Gernegroß	2
22	AgGunkel	Angelika Gunkel	2
23	agnes1977	Agnes Krumwiede	2
24	AgnesChudy	Agnes Chudy	0
25	AgnesKrumwiede	Agnes Krumwiede	2
26	agnieszka_mdb	Agnieszka Brugger	2
27	ahrendt	Christian Ahrendt	4
28	aktionspirat	Sascha Endlicher	5
29	AleksLessmann	Aleks Lessmann	5
30	alex_nrw	Alexander Ringbeck	2
31	AlexanderDeicke	Alexander Deicke	4
32	AlexanderSNeu	Alexander S. Neu	3
33	alexgaus	Alexander Gaus	2
34	AlexJaegerPirat	Alexander Jäger	5
35	alexwagner_sh	Alexander Wagner	6
36	AliAtalan2	Ali Atalan	3
37	alios	Markus Barenhoff	5
38	Altstadtpirat	Sebastian Harmel	5
39	Alyama1	Lisa Collins	5
40	Andi_nRw	Andreas Rohde	5
41	AndiPopp	Andreas Popp	5
42	AndiScheuer	Andreas Scheuer	1
43	AndreaLindholz	Andrea Lindholz	1
44	Andreas_Bist	Andreas Bist	4
45	andreas_parr	Andreas Parr	6
46	AndreasBergholz	Andreas Bergholz	5
47	AndreaSieber01	Andrea Sieber	2
48	AndreasKassbohm	Andreas Kaßbohm	5
49	AndreasRiegerAr	Andreas Rieger	2
50	AndreFricke	André Patrick  Fricke	3
51	AndrejHunko	Andrej Hunko	3
52	AndrPresse	André Presse	5
53	Andy_1982	Andreas Kröger	6
54	angelaholz	Angela Holz	6
55	angelikanake	Angelika Nake	4
56	anjahajduk	Anja Hajduk	2
57	AnjaKofbinger	Anja Kofbinger	2
58	anjaweisgerber	Anja Weisgerber	1
59	anked	Anke Domscheit-Berg	5
60	AnMittelstaedt	Andreas Mittelstädt	2
61	AnnaGallinaHH	Anna Gallina	2
62	Annette_Groth	Annette Groth	3
63	AnnetteSawade	Annette Sawade	6
64	AnnetteSchavan	Annette Schavan	0
65	Antje_Gesinn	Antje  Gesinn	2
66	Antje_Jansen	Antje Jansen	3
67	antjelezius	Antje Lezius	0
68	APfeilsticker	Arne Pfeilsticker	5
69	Arfst_Wagner	Arfst Wagner	2
70	armin_schuster	Armin Schuster	0
71	ArneLietz	Arne Lietz	6
72	arnoklare	Arno Klare	6
73	Arte_Povera	Lena Rohrbach	5
74	ASabah1	Adnan Sabah	6
75	AstridKlug	Astrid Klug	6
76	Axel_Fischer	Axel Fischer	0
77	Azarus	Martin Hampel	5
78	b_riensch	Bernd Riensch	5
79	BabettesChefin	Sylvia Kotting-Uhl	2
80	BackschafterBo	Christina Worm	5
81	badulrichmartha	Lisa Badum	2
82	baerbelbas	Bärbel Bas	6
83	BaerbelHoehn	Bärbel Höhn	2
84	BaerbelKofler	Bärbel Kofler	6
85	BarbaraHoell	Barbara Höll	3
86	bartosz_lo	Bartosz Lotarewicz	2
87	Baruckpirat	Jürgen Voigt	5
88	BeateWaRo	Beate Walter-Rosenheimer	2
89	beitlich	Sebastian Beitlich	5
90	benjamin_zabel	Benjamin Zabel	6
91	berlinliebich	Stefan Liebich	3
92	BerndBuchholz	Bernd Buchholz	4
93	BerndKasperidus	Bernd Kasperidus	5
94	berndliebhardt	Bernd Liebhardt	1
95	BerndMalmberg	Bernd Malmberg	3
96	BerndSchreiner	Bernd Schreiner	5
97	BerndSiebert	Bernd Siebert	0
98	BernhardKaster	Bernhard Kaster	0
99	BernhardZimmer	Bernhard Zimmer	2
100	bestphal	Bernd Westphal	6
101	BettinaHornhues	Bettina Hornhues	0
102	BHerlitzius	Bettina Herlitzius	2
103	BigArne	Arne Hattendorf	5
104	BijanSarai	Bijan Djir-Sarai	4
105	bim_R	Christian Reidel	5
106	birgit_raab	Birgit Raab	2
107	birgithomburger	Birgit Homburger	4
108	BirgitReinemund	Birgit Reinemund	4
109	Bista100	Bianca Staubitz	5
110	bjoernMaHe	Björn Glienke	5
111	bjoernsaenger	Björn Sänger	4
112	BjSemrau	Björn Niklas Semrau	5
113	bkesper	Beate Kesper	5
114	BlackBuccaneer	Christian Alkemper	5
115	BMemenga	Bernd Memenga	0
116	BoehningB	Bjoern Boehning	6
117	bpwned	Alexander Bock	5
118	brachtbendt	Nicole Bracht-Bendt	4
119	Brainvibes	André Martens	5
120	bridgerdier	Valentin Brückel	5
121	BrigittePothmer	Brigitte Pothmer	2
122	brigittezypries	Brigitte Zypries	6
123	BriHasselmann	Britta Haßelmann	2
124	brk_bewild	Benjamin Wildenauer	5
125	broeskamp	Elisabeth Bröskamp	2
126	brunkhorst	Angelika Brunkhorst	4
127	Brunnerkarl	Karl-Heinz Brunner	6
128	BrunoGertKramm	Bruno Kramm	5
129	BuBernd	Bernd Schlömer	5
130	bueti	Reinhard Bütikofer	2
131	Bugsierine	Stephanie Nöther	5
132	Burgbacher	Ernst Burgbacher	4
133	BurgPirat	Andreas Guckert	5
134	BurmeisterErich	Erich Burmeister	3
135	BWinzen	Benedikt Winzen	6
136	c_h_p_e	Christian Peters	5
137	c_lindner	Christian Lindner	4
138	cad59	Christine Aschenberg-Dugnus	4
139	Caergoa	Peter Klein	5
140	CanselK	Cansel Kiziltepe	6
141	cAPSLOCKcHRIS	Christian Szymanek	5
142	CarenLay	Caren Nicole Lay	3
143	CarolineToenges	Carolin  Tönges	2
144	Carridwen	Mareike Peter	5
145	CarstenKoerber	Carsten Körber	0
146	CarstenMuellers	Carsten Müller	0
147	carstensen_spd	Christian Carstensen	6
148	carstensieling	Carsten Sieling	6
149	cdubrandenstein	Pierre Brandenstein	0
150	CeglarM	Michael Ceglar	5
151	cemozdemir	Cem Özdemir	2
152	ch_buchholz	Christine Buchholz	3
153	ch_dammermann	Christoph Dammermann	4
154	ch_schnurr	Christoph Schnurr	4
155	charlesmhuber49	Charles M. Huber	0
156	Cheatha	Florian Köhler	5
157	ChNissen	Christian Nissen	5
158	ChrisKuehn2013	Chris Kühn	2
159	Christian_B78	Christian Bethke	5
160	ChristianHirte	Christian Hirte	0
161	ChristianThomae	Christian Thomae	5
162	chrstphschmd	Christoph Schmid	5
163	claasrohmeyer	Claas Rohmeyer	0
164	claudi_1412	Claudia  Schumann	5
165	claudiaboegel	Claudia Bögel	4
166	ClaudiaHeber	Claudia Heber	0
167	ClaudiaSuender	Claudia Sünder	6
168	CLuettmann	Christophe Lüttmann	4
169	Colorofthesun	Volker Dyken	5
170	Commodore_Nemo	Matthias Fitzke	5
171	Conni_SH	Cornelia Möhring	3
172	CordulaUngruh	Cordula Ungruh	2
173	CorneliaPieper	Cornelia Pieper	4
174	corneliusdehm	Cornelius  Dehm	2
175	Corny1981	Andreas Bärisch	5
176	crackpille	Benjamin Siggel	5
177	crazy_soeren	Sören Heinze	6
178	d1etpunk	Florian Bokor	5
179	dagmarenkelmann	Dagmar Enkelmann	3
180	danielakolbe	Daniela Kolbe	6
181	danielbahr	Daniel Bahr	4
182	DanielFahr	Daniel Fahr	4
183	DanielMatulla	Daniel Matulla	1
184	DanielMorteza	Daniel  Morteza	3
185	DanielPoznanski	Daniel Poznanski	4
186	darkwindhowling	Alexander Reintzsch	5
187	Dee___Kay	Diemo Krüger	5
188	dennismajewski	Dennis Majewski	4
189	DennisRohde	Dennis Rohde	6
190	derBartsch	Martin Bartsch	5
191	DerFizz	Sven Sladek	5
192	derpecke	Holger Peckmann	5
193	DerRostocker	Steffen Bockhahn	3
194	DerSchamane_	Axel Kerstan	5
195	Detherion	Carmelito Bauer	5
196	detlefebert	Detlef Ebert	4
197	DetlevPilger	Detlev Pilger	6
198	didilust	Dietmar Lust	2
199	Didiman2000	Andreas Neugebauer	5
200	Die_Kati	Katja Falkenbach	5
201	dieAlbsteigerin	Katrin Albsteiger	1
202	DieterStier	Dieter Stier	0
203	Diether_Dehm	Diether Dehm	3
204	digitales_Ich	Alexander Brateanu	5
205	dirk_niebel	Dirk Niebel	4
206	dirkmarx	Dirk Marx	0
207	dirkniebel	Dirk Niebel	4
208	DJanecek	Dieter Janecek	2
209	DKluever	Dennis Klüver	5
210	dlindemann	David Lindemann	6
211	donbuehl	Thomas Büttner	5
212	DoroBaer	Dorothee Bär	1
213	DorotheeMenzner	Dorothée Menzner	3
214	Dr_Bob100	Robert Arnold	5
215	Dr_W_Priesmeier	Wilhelm Priesmeier	6
216	DragosGruene	Dragos Pancescu	2
217	Drahflow	Jens-Wolfhard Schicke-Uffmann	5
218	DrAndreasNick	Andreas Nick	0
219	DrBrunki	Daniel Brunkhorst	6
220	Dreamman72	Frank Steinert	5
221	drgerhardt	Wolfgang Gerhardt	4
222	DrKarstenJung	Karsten Jung	4
223	drmfuchs	Michael Fuchs	0
224	DrNorbertWett	Norbert Wett	0
225	drthomasfeist	Thomas Feist	0
226	DrToniHofreiter	Anton Hofreiter	2
227	DWoehrl	Dagmar Wöhrl	1
228	dyfustic	Nicole Britz	5
229	e_scharfenberg	Elisabeth Scharfenberg	2
230	ebner_sha	Harald Ebner	2
231	EckhardtRehberg	Eckhardt Rehberg	0
232	edrossmann	Ernst Dieter Rossmann	6
233	EgonJuettner	Egon Jüttner	0
234	EhrmannSiggi	Siegmund Ehrmann	6
235	EinAugenschmaus	Julia Probst	5
236	einfachnurmark	Mark Neis	5
237	Eiself	Frank Grenda	5
238	ekindeligoez	Ekin Deligöz	2
239	Ekynos	Heiko  Müller	5
240	Elke_Ferner	Elke Ferner	6
241	elkehoff	Elke Hoff	4
242	EllenDemuth	Ellen Demuth	0
243	elmosylt	Oliver Sippel	5
244	EmanuelKotzian	Emanuel Kotzian	5
245	emtiu	Michael Büker	5
246	ennolenze	Enno Lenze	5
247	ErichvonHofe	Erich von Hofe	2
248	ErikSchweickert	Erik Schweickert	4
249	ernst_klaus	Klaus Ernst	3
250	Erwin_Rueddel	Erwin Rüddel	0
251	Eubuleus	Gerald Albe	5
252	eva_viehoff	Eva Viehoff	2
253	EvaHoegl	Eva Högl	6
254	EvaMariePlonske	Eva Marie Plonske	2
255	evasoellner	Eva Söllner	0
256	evonklaeden	Eckart von Klaeden	0
257	evtl_	René Rottmann	5
258	f_schaeffler	Frank Schäffler	4
259	f60_8	Michael Balke	5
260	Fahrenheit23	Christian Kunze	5
261	FakeChicken69	Lutz Bommel	5
262	faktenkontor	Roland Heintze	0
263	fbernschneider	Florian Bernschneider	4
264	fbrantner	Franziska Brantner	2
265	fdp_gebert	Torsten Gebert	4
266	FDP_Oberberg	Jörg von Polheim	4
267	FealWilde	Fabian Müller	5
268	fegebanks	Katharina Fegebank	2
269	felixccaa	Felix Coeln	5
270	fidelisamica	Sasa Raber	5
271	FilipHeinlein	Filip Heinlein	2
272	flegels	Susann Flegel	5
273	florian_toncar	Florian Toncar	4
274	florian_turm	Ulrich Schumacher	5
275	FlorianHuefner	Florian Hüfner	6
276	FlorianPronold	Florian Pronold	6
277	FlorianZimmeck	Floria Zimmeck	2
278	flosimbeck	Florian Simbeck	6
279	fluxkonzentrat	Walter Weber	5
280	forenwanderer	Thomas Brück	5
281	FOstendorff	Friedrich Ostendorff	2
282	FourtyTwoish	Michael Böhm	5
283	Frank_und_Frei_	Frank Umann	5
284	FrankBuening	Frank Büning	2
285	FrankeEdgar	Edgar Franke	6
286	FrankHeinrich	Frank Heinrich	0
287	FrankSchwabe	Frank Schwabe	6
288	franksteffel	Frank Steffel	0
289	franzthoennes	Franz Thönnes	6
290	FraRoeBer	Frank Roeder	5
291	Frau_Zilla	Nadine  Lindenberg	5
292	FrauMaja	Maja Tiegs	5
293	FreiBastiHeit	Bastian Halbe	5
294	FREIbeuter_	Floyd Kretschmar	5
295	friedrich_csu	Hans-Peter Friedrich	1
296	FSteinwender	Frank Steinwender	2
297	fuchtel	Hans-Joachim Fuchtel	0
298	Fussfall	Stefan Täge	5
299	FuzzyLeapfrog	Claudia  Frick	5
300	g_leonhard	Gino Leonhard	4
301	g_reichenbach	Gerold Reichenbach	6
302	GabiFograscher	Gabi Fograscher	6
303	GabiHillerOhm	Gabriele Hiller-Ohm	6
304	GabiKatzmarek	Gabriele Katzmarek	6
305	GabiWeberSPD	Gabi Weber	6
306	GaDoXX	Gabi Dobusch	6
307	GarreltDuin	Garrelt Duin	6
308	Geisterp31rat	Mario Espenschied	5
309	GeldPirat	Nikolaus Jaroslawsky	5
310	Gene_Hagelstein	Dirk Gene Hagelstein	6
311	GeraldUnger	Gerald Unger	3
312	GerritKoch	Gerrit Koch	4
313	geschehand	Gesche Hand	2
314	Gisela_Piltz	Gisela Piltz	4
315	gkalinka	Gerhard Kalinka	2
316	goalgetter32	Martin Heidingsfelder	5
317	GoeringEckardt	Katrin Göring-Eckardt	2
318	GolzeMdB	Diana Golze	3
319	GotthilfLorch	Gotthilf  Lorch	3
320	GreenClaudia	Claudia Roth	2
321	greenclaudiam	Claudia Müller	2
322	GregorGysi	Gregor Gysi	3
323	GreilichAnnette	Annette Greilich	4
324	grisu226	Frank Thiesen	5
325	groehe	Hermann Gröhe	0
326	gromlix	Holger van Lengerich	5
327	GruenChristian	Christian Franke	2
328	GrueneBeate	Beate Müller-Gemmeke	2
329	gruenler	Kai Grünler	5
330	gudruncita	Gudrun Lux	2
331	gudrunkopp	Gudrun Kopp	4
332	guehrs	Erik Gührs	6
333	guenterbaumann	Günter Baumann	0
334	guentergloser	Günter Gloser	6
335	guenterkrings	Günter Krings	0
336	guidowesterwell	Guido Westerwelle	4
337	GunnarWegener	Gunnar Wegener	6
338	H_Luebbers	Henning Lübbers	5
339	hahnflo	Florian Hahn	1
340	HakanTasBerlin	Hakan Tas	3
341	Halina_Waw	Halina Wawzyniak	3
342	Hamide_Akbayir	Hamide Akbayir	3
343	hammartin73	Martin Böckel	5
344	Hammett125	Horst Josef Walter Grumich	4
345	HanneloreKraft	Hannelore Kraft	6
346	hannesmunzinger	Hannes Munzinger	6
347	HanseNico	Nico Ecke	5
348	hansjoachimotto	Hans-Joachim Otto	4
349	hanskurthill	Hans-Kurt Hill	3
350	HaraldKoch5	Harald Koch	3
351	HaraldWeinberg	Harald Weinberg	3
352	Harmonie2_0	Therese Lehnen	5
353	Hartfrid_Wolff	Hartfrid Wolff	4
354	HartmannMdB	Michael Hartmann	6
355	HartmutE	Hartmut Ernst	5
356	HaukeHilz	Hauke Hilz	4
357	haustein	Heinz-Peter Haustein	4
358	HBraun	Helge Braun	0
359	HeikeBrehmerMdB	Heike    Brehmer	0
360	HeikeHaensel	Heike Hänsel	3
361	HeikoKnotte	Heiko Knotte	5
362	HeikoWittig1	Heiko Wittig	6
363	heinrichkolb	Heinrich L. Kolb	4
364	HeinzLanfermann	Heinz Lanfermann	4
365	heinzpaula	Heinz Paula	6
366	hekate15	Birgitt Piepgras	5
367	heldberg77	Thomas Heldberg	4
368	Helmut_Nowak	Helmut Nowak	0
369	Henrick_Meine	Henrick Meine	4
370	HeptaSean	Benjamin  Braatz	5
371	Herb_Foxley	Herbert Förster	5
372	HerbertBehrens	Herbert Behrens	3
373	HerkulesAmStart	Sebastian Wiesendahl	5
374	Hermann_Ott	Hermann Ott	2
375	Herusche	Herbert Rusche	5
376	hexjack	Hagen Stanek	5
377	HGundelach	Herlind Gundelach	0
378	Hhhhmmmmasch	Manfred Schramm	5
379	HildeMattheis	Hilde Mattheis	6
380	HJFell	Hans-Josef Fell	2
381	HJLicht1	Hans-Jürgen Licht	6
382	Hoeller	Kurt Höller	1
383	Hoenlinger	Ingrid Hönlinger	2
384	hoffmann_je	Jens Hoffmann	0
385	HolgerKrahmer	Holger Krahmer	4
386	HolgerKrestel	Holger Krestel	4
387	Hollarius	Holger Hennig	5
388	Holzheizer	Olaf Forberger	5
389	horstmeierhofer	Horst Meierhofer	4
390	HP_Fischer	Heinz Peter Fischer	3
391	HPetzold	Harald Petzold	3
392	HSKPirat	Julius Hahn	5
393	hubertus_heil	Hubertus Heil	6
394	Huette76	Kerstin Vieregge	0
395	humanErr	Markus Drenger	5
396	HW_Ehrenberg	Hans Werner Ehrenberg	4
397	indyz_25	René Schernikau	5
398	Ingrid_Nestle	Ingrid Nestle	2
399	Ingrid_Remmers	Ingrid Remmers	3
400	ingwerbaer1	Michael Melter	5
401	insideX	Thorsten Wirth	5
402	IreneMihalic	Irene Mihalic	2
403	IsabeIIe	Isabelle Sandow	5
404	j_uekermann	Johanna Uekermann	6
405	Jac_Krueger	Jacqueline Krüger	4
406	Jakob_Juergen	Jürgen Weiler	5
407	jakobmierscheid	Jakob Mierscheid	6
408	jan_leidecker	Jörn Jan Leidecker	3
409	Jan_LR	Jan Lüdtke-Reißmann	5
410	jan_muecke	Jan Mücke	4
411	jan_vanaken	Jan van Aken	3
412	JanaSchimke	Jana Schimke	0
413	janetworkx	Andreas Jacob	5
414	Janinapfau	Janina Pfau	3
415	JanMetzler	Jan Metzler	0
416	janoschdahmen	Janosch Dahmen	2
417	JBarschdorf	Jens Barschdorf	4
418	jbkes	Bruno Jöbkes	2
419	jens_jenssen	Jens Jenssen	6
420	jensackermann	Jens Ackermann	4
421	JensArnstadt	Jens Petermann	3
422	JensEngelhardt	Jens Engelhardt	4
423	JensKoeppen	Jens Koeppen	0
424	jensspahn	Jens Spahn	0
425	JensZimmermann1	Jens Zimmermann	6
426	jessimessenger	Jessica Messinger	2
427	jimmyschulz	Jimmy Schulz	4
428	jimraynor99	Marc Großjean	5
429	Jinx_HH	Anne Alter	5
430	jkahrs	Johannes Kahrs	6
431	JLichdi	Johannes Lichdi	2
432	jnfingerle	Jan Niklas Fingerle	5
433	jochenjehle	Jochen Jehle	6
434	Joe_Freece	Jörg Kutzer	2
435	JoergRupp	Jörg Rupp	2
436	JoergSchindler	Jörg Schindler	3
437	JoergWeisse	Jörg Weisse	4
438	JoeWadephul	Johann Wadephul	0
439	Joey_1967	Johann Saathoff	6
440	johannesgiar	Johannes Giar	6
441	JohannesPonader	Johannes Ponader	5
442	JohannesSingham	Johannes Singhammer	1
443	johannesvogel	Johannes Vogel	4
444	JohnDauert	John Dauert	2
445	JosefWinkler	Josef Winkler	2
446	JoSteiniger	Johannes Steiniger	0
447	JottEs	Jürgen Stemke	5
448	JP_Stich	Jan Stich	2
449	JTrittin	Jürgen Trittin	2
450	Juergen_Renner	Jürgen Renner	6
451	juergencosse	Jürgen Coße	6
452	juergeneggers	Jürgen Eggers	3
453	juergenhardt	Jürgen Hardt	0
454	julia_verlinden	Julia Verlinden	2
455	JuliaKloeckner	Julia Klöckner	0
456	Julian_Pa_B	Julian Beier	5
457	jungfj	Franz Josef Jung	0
458	junggruen	Martin van Elten	2
459	JustElex	Maik  Nauheim	5
460	JuttaDettmann	Jutta Dettmann	6
461	JuttaKrellmann	Jutta Krellmann	3
462	JuttaNothacker	Jutta Nothacker	0
463	JuttaPaulus	Jutta Paulus	2
464	K_SA	Kordula Schulz-Asche	2
465	KaczmarekOliver	Oliver Kaczmarek	6
466	KahEsDeh	Kerstin Demuth	5
467	KaiBaumann	Kai Baumann	5
468	KaiBitzer	Kai Bitzer	2
469	KaiBoeddinghaus	Kai Boeddinghaus	3
470	KaiGehring	Kai Gehring	2
471	kaiwegner	Kai Wegner	0
472	kanschat	Sebastian Kanschat	5
473	kaplanayten	Ayten Kaplan	3
474	karinbinder	Karin Binder	3
475	KarinEversMeyer	Karin Evers-Meyer	6
476	KarinStrenz	Karin Strenz	0
477	karl_a_lamers	Karl Lamers	0
478	karlbaer	Karl Bär	2
479	karllauterbach	Karl Lauterbach	6
480	KarolaStange	Karola Stange	3
481	KarstaLR	Karsta Rickels	6
482	karsten_et	Karsten Jagau	5
483	Karsten76	Karsten Schenk	0
484	KarstenMoering	Karsten Möring	0
485	katdro	Katharina Dröge	2
486	KathyR111	Katrin Rösel	0
487	katjadoerner	Katja Dörner	2
488	katjahusen	Katja Husen	2
489	katjakipping	Katja Kipping	3
490	Katrin_Werner	Katrin Werner	3
491	KatrinaR47	Katrina (Christoph) Reichert	5
492	KatrinHelling	Kathrin Helling-Plahr	4
493	katrinhilger	Katrin Hilger	5
494	kattascha	Katharina Nocun	5
495	KEESdeVriesCDU	Kees de Vries	0
496	KernDaniel	Daniel Kern	0
497	Kersten_Artus	Kersten Artus	3
498	Kerstin_Mueller	Kerstin Müller	2
499	kerstin_tack	Kerstin Tack	6
500	KerstinAndreae	Kerstin Andreae	2
501	KerstinGriese	Kerstin Griese	6
502	KerstinRadomski	Kerstin Radomski	0
503	KerstinWeideSPD	Kerstin Weide	6
504	KevinCostner99	Axel Schwenk	5
505	KevinWaltherSPD	Kevin Walther	6
506	kfurter	Ivica Juresa	5
507	KGWellmann	Karl-Georg Wellmann	0
508	khrkrefeld	Karl-Heinz Renner	2
509	khsta	Karl-Heinz Starck	0
510	kieszling	Tilo Kießling	3
511	kirstenluehmann	Kirsten Lühmann	6
512	KirstenTackmann	Kirsten Tackmann	3
513	KKorschewsky	Knut Korschewsky	3
514	Klausch_TH	Klaus Sommerfeld	5
515	klauskruetzen	Klaus Krützen	6
516	klauslederer	Klaus Lederer	3
517	KLeikert	Katja Leikert	0
518	Klimke_CDU	Jürgen Klimke	0
519	klingenbergB	Birgit Klingenberg	5
520	Klotzsche	Mario Klotzsche	4
521	KoenigsGruen	Tom Koenigs	2
522	KollegeJansen	Jan Kastner	5
523	KompaLaw	Markus Kompa	5
524	konkurrenzlos	Andreas  Romppel	2
525	KonstantinNotz	Konstantin von Notz	2
526	kopp77	Christian Kopp	4
527	KorsarBoy	Lars  Matti	5
528	koschyk	Hartmut Koschyk	1
529	KostMichael	Michael Kost	2
530	KrahMax	Maximilian Krah	0
531	kretsc	Michael Kretschmer	0
532	KristianKater	Kristian Kater	6
533	kroenauer_m	Manfred Krönauer	4
534	krohlas	Sven Krohlas	5
535	kuenast	Renate Künast	2
536	kueppie2001	Thomas Küppers	5
537	KunkisBecker	Cornelia Kunkis-Becker	2
538	KurtKleinDU	Kurt Klein	5
539	La_Doerner	Lars Dörner	2
540	Laberlohe	Sascha Neugebauer	5
541	Lady_Birgit	Birgit  Wenzel	5
542	LangeMdB	Christian Lange	6
543	larscastellucci	Lars Castellucci	6
544	larsklingbeil	Lars Klingbeil	6
545	larsschellhas	Lars Schellhas	2
546	LarsWendland	Lars Wendland	6
547	Lausitz_Renner	Wolfgang Renner	2
548	LcsKandalf	Stefan Müller	5
549	Le55ing	Ronald A. Heinrich	5
550	LemkeBuxtehude	Michael Lemke	2
551	likedeel	Patrick Ratzmann	5
552	lilysteinhoff	Felicitas Steinhoff	5
553	LindemannMdB	Lars Lindemann	4
554	lindner86	Sebastian Lindner	6
555	Lingengruen	Birgit Kemmer	2
556	linkeanja	Anja Müller	3
557	LinusStieldorf	Linus Stieldorf	4
558	LinusVollmar	Linus Vollmar	4
559	lisapaus	Lisa Paus	2
560	LischkaB	Burkhard Lischka	6
561	LoewJU	Jens Löw	6
562	lofferg	Christopher Gohl	4
563	LohmyDD	Johannes Lohmeyer	4
564	loi_fdp	Loi Vo	4
565	LuciaBiedermann	Lucia Biedermann	4
566	LuciaPuttrich	Lucia Puttrich	0
567	LucyVerona	Bettina Lau	3
568	Luczak2009	Jan-Marco Luczak	0
569	Luise_Amtsberg	Luise Amtsberg	2
570	LukretKlein	Ludger Klein-Ridder	3
571	LutzKnopek	Lutz Knopek	4
572	M_Bueddemann	Manfred Büddemann	3
573	M_Nehmer	Manuel Nehmer	4
574	MAggelidis	Michael Aggelidis	3
575	maik_aussendorf	Maik Außendorf	2
576	Maik_Nothnagel	Maik Nothnagel	3
577	maltespitz	Malte Spitz	2
578	manfred_grund	Manfred Grund	0
579	Manfred_TH	Manfred Schubert	5
580	Manfredbehrens	Manfred Behrens	0
581	ManfredLister	Manfred Lister	4
582	ManuelaOlhausen	Manuela Olhausen	1
583	manuelaschon	Manuela Schon	3
584	ManuelHoeferlin	Manuel Höferlin	4
585	ManuelKramer	Manuel Kramer	6
586	ManuelSarrazin	Manuel Sarrazin	2
587	MarcelFreihorst	Marcel Freihorst	0
588	marcellamatthes	Marcella Matthes	4
589	marcelpirat	Marcel Louwers	5
590	MarcelSch87	Marcel Schäfer	0
591	MarcelSchiller	Marcel Schiller	4
592	marcobuelow	Marco Bülow	6
593	MarcoBuschmann	Marco Buschmann	4
594	MarcoWeberEifel	Marco Weber	4
595	marcus_held	Marcus Held	6
596	MarcusFaber	Marcus Faber	4
597	marcusviefeld	Marcus Viefeld	4
598	Mareike_Kiel	Mareike Rehse	2
599	MariaKlSchmeink	Maria Klein-Schmeink	2
600	MarianaPinzonBe	Mariana Pinzón Becht	2
601	mariantorgau	Marian Wendt	0
602	marie_dazert	Marie Dazert	2
603	MarieluiseBeck	Marieluise Beck	2
604	marinaschuster	Marina Schuster	4
605	MarkFraschka	Mark Alexander Fraschka	0
606	MarkHauptmann	Mark Hauptmann	0
607	MarkHuger	Mark Huger	5
608	Markus_Tressel	Markus Tressel	2
609	markuskurthmdb	Markus Kurth	2
610	marleneloehr	Marlene Löhr	2
611	marlenemortler	Marlene Mortler	1
612	martin_lindner	Martin Lindner	4
613	martinalammers	Martina Lammers	2
614	MartinaRenner	Martina Renner	3
615	martindoermann	Martin Dörmann	6
616	MartinKaschny	Martin Kaschny	4
617	MartinLuckert	Martin Luckert	6
618	MartinMichels	Martin A. Michels	3
619	martinpaetzold	Martin Pätzold	0
620	MartinRabanus	Martin Rabanus	6
621	MartinRosemann	Martin Rosemann	6
622	MartinSchulz	Martin Schulz	6
623	Marvin_Pollock	Marvin Pollock	5
624	matthias_duisb	Matthias Schneider	2
625	MatthiasHauer	Matthias Hauer	0
626	MatthiasHeider	Matthias Heider	0
627	MatthiasKnoche	Matthias Knoche	2
628	MatthiasLietz	Matthias Lietz	0
629	MatthiasMiersch	Matthias Miersch	6
630	MatthiasMnich	Matthias Mnich	3
631	matthiaszimmer	Matthias Zimmer	0
632	maximalgedanke	Maximilian Bierbaum	2
633	maxstadler	Max Stadler	4
634	Mbd4us	Martin Dehnke	5
635	Mcweijers	Thomas Weijers	5
636	MdB_Stroebele	Hans-Christian Ströbele	2
637	MechthildHeil	Mechthild Heil	0
638	MechthildRawert	Mechthild Rawert	6
639	Medusa65	Christian Petry	6
640	meinhardt	Patrick Meinhardt	4
641	meister_schafft	Michael Meister	0
642	Memet_Kilic	Memet Kilic	2
643	mi_szekely	Michael Székely	4
644	micha9950	Michael Breukel	5
645	michael_thews	Michael Thews	6
646	Michael81904470	Michael Schulte	4
647	michaelaengel	Michaela Engelmeier-Heite	6
648	michaelkauch	Michael Kauch	4
649	MichaelLeutert	Michael Leutert	3
650	michaelvietz	Michael Vietz	0
651	MichaelZalfen	Michael Zalfen	6
652	MiekeSenftleben	Mieke Senftleben	4
653	MiGerr	Michael Gerr	2
654	mikenolte_de	Mike Nolte	5
655	mikeslobidnyk	Michael Slobidnyk	5
656	MiRo_SPD	Michael Roth	6
657	Missfelder	Philipp Mißfelder	0
658	Mitgezwitschert	Christoph Brückmann	5
659	Mitkrieger	Uwe Stein	5
660	mjungclaus	Michael Jungclaus	2
661	mkr_nds	Meinhart  Ramaswamy	5
662	MKronschnabel	Manuel Kronschnabel	1
663	mnagler	Mike Nagler	3
664	Monachistin	Mona Neubaur	2
665	monikalazar	Monika Lazar	2
666	moritzkoerner	Moritz Körner	4
667	MoritzMergen	Moritz Mergen	4
668	MoritzPllath	Moritz Pöllath	4
669	MoritzvA	Moritz von Allwörden	5
670	mosblechvolker	Volker Mosblech	0
671	Mosella	Klaus Meurer	2
672	MoserAnneliese	Anneliese Moser	4
673	mr_wartung	Holger Kipp	5
674	Mrcalvinhobbes	Dieter McDevitt	5
675	MSchiek	Markus Schiek	4
676	mschlecht	Michael Schlecht	3
677	MSonite	Malte Carsten Seidler	5
678	MTodtenhausen	Manfred Todtenhausen	4
679	mtsachsen	Martin Treeck	4
680	muellersoenksen	Burkhardt Müller-Sönksen	4
681	mueslikind	Miriam Lakemann	5
682	mukhtaart	Mukhtaar Sheekh Cali	2
683	musikpirat	Christian Hufgard	5
684	MustafaAkpolat	Mustafa Akpolat	5
685	MWBirkwald	Matthias W. Birkwald	3
686	myKleiminger	Christian Kleiminger	6
687	Nachtfalke_de	Andreas Prennig	5
688	NadineSchoen	Nadine Schön	0
689	nadjabuehren	Nadja Bühren	3
690	naguib_barbara	Barbara Naguib	2
691	Nefacus	Nathanael Bienia	5
692	NeseErikli	Nese Erikli	2
693	netsteward	Daniel Schweighöfer	5
694	NH1178	Norbert Hentschke	4
695	nicolaskatte	Nicolas Katte	4
696	NicoleGohlke	Nicole Gohlke	3
697	NicoleMaisch	Nicole Maisch	2
698	NicoTippelt	Nico Tippelt	4
699	NielsAnnen	Niels Annen	6
700	NiemaMovassat	Niema Movassat	3
701	nikolaus_dorsch	Nikolaus Dorsch	6
702	ninastahr	Nina Stahr	2
703	NineBerry	Christian Schwarz	5
704	nixus_nrw	Christopher Schrage	5
705	nlohmann	Niels Lohmann	5
706	Nobleplac	Marc Salgert	5
707	nochnich	Volker Schröder	5
708	Nogawi	Norman Gabler	4
709	norberthense	Norbert Hense	5
710	NorbertSpinrath	Norbert Spinrath	6
711	NordMdb	Thomas Nord	3
712	nouripour	Omid Nouripour	2
713	nplhse	Christoph Steltner	5
714	oax	Bernhard Kuske	4
715	OezcanMutlu	Özcan Mutlu	2
716	oezoguz	Aydan Özoguz	6
717	oinfiltrado23	Fabricio Martins Do Canto	5
718	olafmangold	Olaf Mangold	6
719	OlafScholz	Olaf Scholz	6
720	olavgutting	Olav Gutting	0
721	Oliver_Krischer	Oliver Krischer	2
722	OlliLuksic	Oliver Luksic	4
723	omuecke	Oliver Mücke	5
724	OMueller_Jena	Olaf Müller	2
725	Onophrio	Matthias Wucherer	1
726	Orangemus	Rudolf Ristl	5
727	OsterkampR	Ralph Osterkamp	5
728	Otto_Fricke	Otto Fricke	4
729	oxy83	Ole Schwettmann	5
730	P_Friedrich	Peter Friedrich	6
731	p_maureen	Anisa Fliegner	5
732	ParsaMarvi	Parsa Marvi	6
733	Patrick_Kurth	Patrick Kurth	4
734	patrickbreyer	Patrick Breyer	5
735	patrickdoering	Patrick Döring	4
736	PatrickSensburg	Patrick Sensburg	0
737	paul_schaefer	Paul Schäfer	3
738	paula_riester	Paula Riester	2
739	PaulFresdorf	Paul Fresdorf	4
740	PcDoc92	Arno Schröder	5
741	peersteinbrueck	Peer Steinbrück	6
742	Percinm	Müjgan Percin	2
743	PErnstberger	Petra Ernstberger	6
744	Peter_Friedhoff	Peter Friedhoff	4
745	peteraltmaier	Peter Altmaier	0
746	PeterbeyerCDU	Peter Beyer	0
747	peternachberlin	Peter Meiwald	2
748	petertauber	Peter Tauber	0
749	Petra_Sitte_MdB	Petra Sitte	3
750	petramerkel	Petra Merkel	6
751	petramuellerFDP	Agnes Petra Müller	4
752	PetraPauMaHe	Petra Pau	3
753	PHerbold	Philipp Herbold	4
754	philipproesler	Philipp Rösler	4
755	philipptacer	Philipp Tacer	6
756	Piet_TH	Peter Städter	5
757	pinae2	Johannes  Merkert	5
758	pira_tim	Tim Willy Weber	5
759	Pirat_Dev	Patrick Linnert	5
760	Pirat_impyer	Philipp Schnabel	5
761	pirat_mel	Melanie Kalkowski	5
762	pirat_mz	Matthias Zehe	5
763	pirat_stade	Richard Klaus	5
764	PiratAlex1	Alexander Brandt	5
765	PiratAndRo	Andreas Ronig	5
766	PiratBirdy	Hilmar Vogel	5
767	PiratCherubim	Roman  Schmitt	5
768	Piratenbraut10	Kim Julia  Orth	5
769	PiratenIsi	Daniel Isberner	5
770	piratenstaat	Lars Büsing	5
771	PiratenYoga	Andreas  Brühl	5
772	PiratGGT	Gerald Teybig	5
773	piratglienke	Harro Glienke	5
774	PiratJones	Johannes Reichhardt	5
775	piratroland	Roland Löpke	5
776	Pirori_A	Hans-Jürgen (Ronnie) Rigl	5
777	Pitti1982	Petra Hoppenstedt	0
778	PriskaHinz	Priska Hinz	2
779	proofy	Sven  Jörns	5
780	pschiffer	Patrick Schiffer	5
781	PSchnieder	Patrick Schnieder	0
782	qrieke	Ulrike Quoos	4
783	Rabiador	Adrian Friese	5
784	RademacherDenn	Dennis Rademacher	4
785	RadojevicMarco	Marco Radojevic	3
786	Rainer_Wernicke	Rainer Wernicke	2
787	rainerarnold	Rainer Arnold	6
788	rainerbruederle	Rainer Brüderle	4
789	rainerPirat	Rainer Kolb	5
790	rainerspiering	Rainer Spiering	6
791	rainerstinner	Rainer Stinner	4
792	Ralf_Stegner	Ralf Stegner	6
793	ralfhofmann_sw	Ralf Hofmann	6
794	RalphTNiemeyer	Ralph Thomas Niemeyer	3
795	Ramsauer	Peter Ramsauer	1
796	Rauscher_RO	Thomas Rauscher	4
797	rbrinkhaus	Ralph Brinkhaus	0
798	RealDeuterium	Gerwald Claus-Brunner	5
799	RebmannMdB	Stefan Rebmann	6
800	Redhead_DD	Anna Katharina Vogelgesang	5
801	reinhardbrandl	Reinhard Brandl	1
802	Reinhold_75	Reinhold Schmalzbauer	2
803	RenateKuenast	Renate Künast	2
804	ReneHeesen	René Heesen	2
805	reneroespel	René Röspel	6
806	ResEuropae	Stevan Cirkovic	5
807	RhoTep	Andreas Pittrich	5
808	richardjanus1	Richard Janus	2
809	rischwasu	Rita Schwarzelühr-Sutter	6
810	RKiesewetter	Roderich Kiesewetter	0
811	rklapdor	Ralf Klapdor	4
812	robert_tdf	Robert  Wendt	2
813	robikraus	Pascal Powroznik	5
814	Roederstein	René Röderstein	5
815	roffl1990	Robert Streng	5
816	roggenpirat	Claudius Roggenkamp	5
817	RolandFischer	Roland Fischer	6
818	Rolando_FDPHRO	Rolando Schadowski	4
819	RosemarieHein	Rosemarie Hein	3
820	rot_fux	Julien Bender	6
821	RSchaffert	Reinhard Schaffert	5
822	RuedigerKruse	Rüdiger Kruse	0
823	RuprechtPolenz	Ruprecht Polenz	0
824	s_schwartze	Stefan Schwartze	6
825	s3ling	Steffen Dreiling	4
826	Sabine_Baetzing	Sabine Bätzing-Lichtenthäler	6
827	SabineLeidig	Sabine Leidig	3
828	SabineMartiny	Sabine Martiny	5
829	sahne123	Daniel Gruber	5
830	SaLuet_HL	Sascha Luetkens	3
831	Sandra_Tina	Sandra Tiedtke	5
832	Sandra_Yvonne	Sandra Yvonne Stieger	0
833	SandraSonntag	Sandra Sonntag	4
834	SandyKoch	Sandra Koch	6
835	Sarah_Ernst	Sarah-Katharina Ernst	0
836	SaschaFiek	Sascha Fiek	4
837	schaefer_berlin	Michael Schäfer	2
838	SchanzPeter	Peter Schanz	2
839	schmidtheiko	Heiko Schmidt	2
840	Schmidtlepp	Christopher Lauer	5
841	schneider_2013	Kevin Schneider	4
842	schneidercar	Carsten Schneider	6
843	Schreckenbauer	Stefan Schreckenbauer	4
844	schroeder_k	Kristina Schröder	0
845	SchulzeHagen	Alfons Schulze-Hagen	0
846	schwarz_spd	Andreas Schwarz	6
847	schwarzblond	Laura Dornheim	5
848	SCLemme	Steffen-Claudio Lemme	6
849	seb_blumenthal	Sebastian Blumenthal	4
850	sebast_hartmann	Sebastian Hartmann	6
851	sebastian0505	Sebastian Michael Körber	4
852	SebastianKnopf	Sebastian Knopf	3
853	SebastianTroebs	Sebastian Tröbs	2
854	SebastLue	Sebastian Lüdecke	2
855	SeemannKatz	Ulrike Seemann-Katz	2
856	SeeroiberJenny	Anne Helm	5
857	Seipenbusch	Jens Seipenbusch	5
858	sekor	Stefan Körner	5
859	senger_schaefer	Kathrin Senger-Schäfer	3
860	serkan_toeren	Serkan Tören	4
861	SevimDagdelen	Sevim Dagdelen	3
862	SGKirsch	Steffen Kirsch	0
863	sharma_ra	Raju Sharma	3
864	SHeublein	Sven Heublein	1
865	ShintaNB	Robert Schuldt	5
866	SibyllePfeiffer	Sibylle Pfeiffer	0
867	Sigi_direkt	Siegfried Schlosser	5
868	sigmargabriel	Sigmar Gabriel	6
869	SilviaLuebcke	Silvia Lübcke	0
870	silviaschmidt	Silvia Schmidt	6
871	simonelang	Simone Lange	6
872	SinaDoughan	Sina Doughan	2
873	skyslasher	Andreas Hahn	5
874	SLagodinsky	Sergey Lagodinsky	2
875	SLiBral	Sebastian Liebram	4
876	sls_bmj	Sabine Leutheusser-Schnarrenberger	4
877	smuellermdb	Stefan Müller	1
878	SoelkeB	Elke Bouillon	2
879	SoenkeRix	Sönke Rix	6
880	soerenbartol	Sören Bartol	6
881	SokoThomas	Thomas Sokolowski	5
882	SolLib04	Alexander Schöps	4
883	solms	Hermann-Otto Solms	4
884	sonderwerk	Matthias Grüllich-Mack	5
885	Sonic_Spear	Michael Hartrich	5
886	sord3	Christian Braun	5
887	spdbauer	Alexander Bauer	6
888	SPDuesseldorf	Andreas Rimkus	6
889	Spreekaribik	Denis Sabin	5
890	starkwatzinger	Bettina Stark-Watzinger	4
891	Stefan_Urbat	Stefan Urbat	5
892	StefanieGruner	Stefanie Gruner	2
893	StefanKarstens	Stefan Karstens	3
894	StefanKaufmann	Stefan Kaufmann	0
895	StefanKisters	Stefan Kisters	2
896	stefanwagener	Stefan Wagener	2
897	stefanziller	Stefan Ziller	2
898	SteffenBilger	Steffen Bilger	0
899	steffenkanitz	Steffen Kanitz	0
900	SteffiLemke	Steffi Lemke	2
901	SteinbachErika	Erika Steinbach	0
902	SteinekeCDU	Sebastian Steineke	0
903	stephanbischoff	Stephan Bischoff	2
904	stephanharbarth	Stephan Harbarth	0
905	StephanieErben	Stephanie Erben	2
906	stephankuehn	Stephan Kühn	2
907	StephanThomae	Stephan Thomae	4
908	steven_wink	Steven Wink	4
909	Stop_Secret	Ingo  Höft	5
910	Stroedter	Jörg Stroedter	6
911	Strunz5644667	Nadja Baberowski	5
912	StubbeSaerbeck	Hermann Stubbe	2
913	sualkbn	Klaus Benndorf	5
914	sunmoonstars97	Ulrike Pohl	5
915	susanne_mittag	Susanne Mittag	6
916	susannewiest	Susanne Wiest	5
917	suttens	Lübbo Meppen	4
918	SuzaKarawanskij	Susanna Karawanskij	3
919	suzophren	Susanna von Dewitz	5
920	sven_kindler	Sven-Christian Kindler	2
921	SvenFricke2013	Sven Fricke	4
922	svenreisch	Sven Reisch	2
923	SvenVolmering	Sven Volmering	0
924	svenwiertz	Sven Wiertz	6
925	SWagenknecht	Sahra Wagenknecht	3
926	swenschulz	Swen Schulz	6
927	SylviaCanel	Sylvia Canel	4
928	TabeaRoessner	Tabea Rößner	2
929	tarzun	Klaus Peukert	5
930	tascha44	Natascha Collette Baumann	4
931	Team_GLoetzsch	Gesine Lötzsch	3
932	teckpirat	Marco Hauke	5
933	terpeundteam	Harald Terpe	2
934	TGundelbacher	Thomas Gundelbacher	5
935	The_Fury_Pirat	Gabriel Heinzmann-Jiménez	5
936	thekie1	Theresa Kienlein	5
937	Thembilein	Thembi Gräntzdörffer	5
938	ThHoffmann1961	Thorsten Hoffmann	0
939	ThiloHoppeMdB	Thilo Hoppe	2
940	thomas_heg	Thomas Hegenbarth	5
941	Thomas_Lambeck	Thomas Lambeck	5
942	ThomasFehling	Thomas Fehling	4
943	thomasgebhart	Thomas Gebhart	0
944	ThomasGerwert	Thomas Gerwert	5
945	ThomasGotzen	Thomas Gotzen	5
946	ThomasHitschler	Thomas Hitschler	6
947	thomasiseke	Thomas Iseke	4
948	ThomasOppermann	Thomas Oppermann	6
949	ThomasWagener	Thomas Wagener	2
950	thorstenknott	Thorsten Knott	4
951	thorstenmajer	Thorsten Majer	6
952	Tikkachu	Cornelia Otto	5
953	TinaSchwarzer	Christina Schwarzer	0
954	TinoSorge	Tino Sorge	0
955	tirsales	Sebastian Nerz	5
956	tj_tweets	Thomas Jarzombek	0
957	tkhfdp	Torsten Köhler-Hohlfeld	4
958	tobias_debuch	Tobias Debuch	4
959	tobiaslindner	Tobias Lindner	2
960	Toi_Elbi	Tobias Elsenmüller	5
961	TomAurnhammer	Tom Aurnhammer	2
962	tomvomizh	Thomas Ganskow	5
963	Toni_Rotter	Toni Rotter	5
964	ToStaffeldt	Torsten Staffeldt	4
965	tpflueger	Tobias Pflüger	3
966	triplesmart	Dirk Marky	5
967	Trybnetic	Marc Weitz	5
968	TSchipanski	Tankred Schipanski	0
969	TunaFirat	Tuna Firat	6
970	udo_weiss	Udo Weiß	2
971	udotopia	Udo Rauhut	3
972	udovetter	Udo Vetter	5
973	uhl_markus	Markus Uhl	0
974	ulle_schauws	Ulle Schauws	2
975	UlliNissen	Ulli Nissen	6
976	ulrich_hn	Ulrich Schneider	2
977	UlrichKelber	Ulrich Kelber	6
978	UlrichLange	Ulrich Lange	1
979	ulrikeflach	Ulrike Flach	4
980	UMeiser	Ute Maria Meiser	2
981	undinekurth	Undine Kurth	2
982	utazapf	Uta Zapf	6
983	UteKoczy	Ute Koczy	2
984	UteVogt	Ute Vogt	6
985	UweFe	Uwe Feiler	0
986	UweKekeritz	Uwe Kekeritz	2
987	UweProbst	Uwe Probst	4
988	UweSchummer	Uwe Schummer	0
989	Valencamueller	Andreas Müller	3
990	vanwieb	Wiebke van den Berg	5
991	vdBine	Sabine von der Beck	2
992	vdleyen	Ursula von der Leyen	0
993	VeitGoeritz	Veit Göritz	5
994	verdichter	Gerd Lindenblatt	5
995	VeronyReichelt	Verony Reichelt	4
996	VGoerzelFDP	Volker Görzel	4
997	vincNW	Vincent  Thenhart	5
998	ViolavonCramon	Viola von Cramon	2
999	VKunze	Volker Kunze	5
1000	vlinderle	Alexandra Osburg	5
1001	VMotschmann	Valentin Motschmann	2
1002	voglerk	Kathrin Vogler	3
1003	Volker_Arndt	Volker Arndt	5
1004	Volker_Beck	Volker Beck	2
1005	volkerberkhout	Volker Berkhout	5
1006	VolkerUllrich	Volker Ullrich	1
1007	VolkmarKlein	Volkmar Klein	0
1008	Von_Marschall	Matern von Marschall	0
1009	vthielmda	Volker Thiel	4
1010	VV1ntermute	Andreas Graaf	5
1011	VYasaner	Vecih Yasaner	5
1012	W_SK	Wolfgang Strengmann-Kuhn	2
1013	WagnerSascha	Sascha Wagner	3
1014	Wahl30	Ralf Überheim	4
1015	waidhaus	Uli Grötsch	6
1016	waltraud_wolff	Waltraud Wolff	6
1017	wanderwitz	Marco Wanderwitz	0
1018	weinzierl_2013	Florian Weinzierl	4
1019	weissenfels	Simon Weißenfels	0
1020	Wellenreuther	Ingo Wellenreuther	0
1021	WGrader	Wolfgang Grader	2
1022	wieczorekzeul	Heidi Wieczorek-Zeul	6
1023	WielandRose	Wieland Rose	5
1024	WilfriedAdamy	Wilfried Adamy	5
1025	WilfriedOellers	Wilfried Oellers	0
1026	wilk_s	Wilk Spieker	5
1027	WilmsVal	Valerie Wilms	2
1028	Wissing	Volker Wissing	4
1029	wkrichel	Wolfgang Krichel	4
1030	wolfgang_britzl	Wolfgang Britzl	5
1031	WolfgangGehrcke	Wolfgang Gehrcke	3
1032	WolfgangHoffma1	Wolfgang Hoffmann	3
1033	WolfSmutje	Babak Tubis	5
1034	womburger	Lars Zillger	5
1035	ws_by	Walter Straßer	5
1036	XaverJung	Xaver Jung	0
1037	Xfire77	Gerd Rainer Weber	5
1038	XTraTobi	Tobias Stephan	5
1039	ynedra	Julia Rott	5
1040	Yonah_	Jonas Aust	5
1041	YvonnePloetz	Yvonne Ploetz	3
1042	Zawisla	Tobias Zawisla	5
1043	zierke	Stefan Zierke	6
1044	Zimmermann2013	Lars Zimmermann	0
1045	zwitschernix	Robert Bauer	5
